[
    {
        "vulnerability": "A",
        "source": "b",
        "sink": "$d",
        "unsanitized flows": "yes",
        "sanitized flows": []
    },
    {
        "vulnerability": "A",
        "source": "$c",
        "sink": "$d",
        "unsanitized flows": "yes",
        "sanitized flows": []
    },
    {
        "vulnerability": "A",
        "source": "b",
        "sink": "e",
        "unsanitized flows": "yes",
        "sanitized flows": []
    },
    {
        "vulnerability": "A",
        "source": "$c",
        "sink": "e",
        "unsanitized flows": "yes",
        "sanitized flows": []
    }
]