[
    {
        "vulnerability": "A",
        "source": "b",
        "sink": "e",
        "unsanitized flows": "yes",
        "sanitized flows": [
            [
                "f"
            ]
        ]
    },
    {
        "vulnerability": "A",
        "source": "b",
        "sink": "$c",
        "unsanitized flows": "yes",
        "sanitized flows": [
            [
                "f"
            ]
        ]
    },
    {
        "vulnerability": "B",
        "source": "b",
        "sink": "$c",
        "unsanitized flows": "no",
        "sanitized flows": [
            [
                "d",
                "e"
            ],
            [
                "d"
            ]
        ]
    }
]