[
    {
        "vulnerability": "B",
        "source": "d",
        "sink": "$c",
        "unsanitized flows": "yes",
        "sanitized flows": []
    },
    {
        "vulnerability": "B",
        "source": "d",
        "sink": "e",
        "unsanitized flows": "yes",
        "sanitized flows": []
    },
    {
        "vulnerability": "B",
        "source": "$a",
        "sink": "e",
        "unsanitized flows": "yes",
        "sanitized flows": []
    },    
    {
        "vulnerability": "B",
        "source": "$c",
        "sink": "e",
        "unsanitized flows": "yes",
        "sanitized flows": []
    },
    {
        "vulnerability": "A",
        "source": "f",
        "sink": "e",
        "unsanitized flows": "yes",
        "sanitized flows": []
    },
    {
        "vulnerability": "A",
        "source": "$a",
        "sink": "e",
        "unsanitized flows": "yes",
        "sanitized flows": []
    },
    {
        "vulnerability": "A",
        "source": "$c",
        "sink": "e",
        "unsanitized flows": "yes",
        "sanitized flows": []
    }
]