[
    {
        "vulnerability": "A",
        "source": "b",
        "sink": "z",
        "unsanitized flows": "no",
        "sanitized flows": [
            [
                "s"
            ]
        ]
    },
    {
        "vulnerability": "A",
        "source": "$c",
        "sink": "z",
        "unsanitized flows": "yes",
        "sanitized flows": []
    },
    {
        "vulnerability": "B",
        "source": "s",
        "sink": "$q",
        "unsanitized flows": "no",
        "sanitized flows": [
            [
                "z"
            ]
        ]
    },
    {
        "vulnerability": "B",
        "source": "$c",
        "sink": "$q",
        "unsanitized flows": "no",
        "sanitized flows": [
            [
                "z"
            ]
        ]
    }
]