[
    {
        "vulnerability": "B",
        "source": "b",
        "sink": "$d",
        "unsanitized flows": "yes",
        "sanitized flows": [
            [
                "e"
            ]
        ]
    },
    {
        "vulnerability": "A",
        "source": "b",
        "sink": "z",
        "unsanitized flows": "yes",
        "sanitized flows": []
    },
    {
        "vulnerability": "A",
        "source": "$f",
        "sink": "z",
        "unsanitized flows": "yes",
        "sanitized flows": []
    }
]