[
    {
        "vulnerability": "B",
        "source": "b",
        "sink": "$a",
        "unsanitized flows": "yes",
        "sanitized flows": [
            [
                "s"
            ]
        ]
    },
    {
        "vulnerability": "B",
        "source": "b",
        "sink": "z",
        "unsanitized flows": "yes",
        "sanitized flows": [
            [
                "s"
            ]
        ]
    },
    {
        "vulnerability": "A",
        "source": "d",
        "sink": "z",
        "unsanitized flows": "no",
        "sanitized flows": [
            [
                "s"
            ]
        ]
    }
]