[
    {
        "vulnerability": "SQL injection 1",
        "sources": ["$_GET", "$_POST", "$_COOKIE"],
        "sanitizers": ["stripslashes", "mysql_escape_string", "mysql_real_escape_string"],
        "sinks": ["mysql_query", "mysql_unbuffered_query","mysql_db_query"],
        "implicit": "no"
    },
    {
        "vulnerability": "SQL injection 2",
        "sources": ["$_GET", "$_POST", "$_COOKIE"],
        "sanitizers": [],
        "sinks": ["pg_query", "pg_send_query"],
        "implicit": "yes"
    },
    {
        "vulnerability": "XSS 1",
        "sources": ["$_GET", "$_POST", "$_COOKIE"],
        "sanitizers": ["strip_tags"],
        "sinks": ["echo", "print"],
        "implicit": "no"
    },
    {
        "vulnerability": "XSS 2",
        "sources": ["$_GET"],
        "sanitizers": ["htmlentities"],
        "sinks": ["echo", "print"],
        "implicit": "no"
    },
    {
        "vulnerability": "SQL injection 3",
        "sources": ["$_GET", "$_POST", "$_COOKIE","$var"],
        "sanitizers": ["filter_var"],
        "sinks": ["$echo"],
        "implicit": "no"
    }
]
