[
    {
        "nodeType": "Stmt_Expression",
        "attributes": {
            "startLine": 3,
            "endLine": 3
        },
        "expr": {
            "nodeType": "Expr_Assign",
            "attributes": {
                "startLine": 3,
                "endLine": 3
            },
            "var": {
                "nodeType": "Expr_Variable",
                "attributes": {
                    "startLine": 3,
                    "endLine": 3
                },
                "name": "a"
            },
            "expr": {
                "nodeType": "Scalar_String",
                "attributes": {
                    "startLine": 3,
                    "endLine": 3,
                    "kind": 2,
                    "rawValue": "\"\""
                },
                "value": ""
            }
        }
    },
    {
        "nodeType": "Stmt_Expression",
        "attributes": {
            "startLine": 4,
            "endLine": 4
        },
        "expr": {
            "nodeType": "Expr_Assign",
            "attributes": {
                "startLine": 4,
                "endLine": 4
            },
            "var": {
                "nodeType": "Expr_Variable",
                "attributes": {
                    "startLine": 4,
                    "endLine": 4
                },
                "name": "b"
            },
            "expr": {
                "nodeType": "Expr_FuncCall",
                "attributes": {
                    "startLine": 4,
                    "endLine": 4
                },
                "name": {
                    "nodeType": "Name",
                    "attributes": {
                        "startLine": 4,
                        "endLine": 4
                    },
                    "parts": [
                        "c"
                    ]
                },
                "args": []
            }
        }
    },
    {
        "nodeType": "Stmt_Expression",
        "attributes": {
            "startLine": 5,
            "endLine": 5
        },
        "expr": {
            "nodeType": "Expr_FuncCall",
            "attributes": {
                "startLine": 5,
                "endLine": 5
            },
            "name": {
                "nodeType": "Name",
                "attributes": {
                    "startLine": 5,
                    "endLine": 5
                },
                "parts": [
                    "d"
                ]
            },
            "args": [
                {
                    "nodeType": "Arg",
                    "attributes": {
                        "startLine": 5,
                        "endLine": 5
                    },
                    "name": null,
                    "value": {
                        "nodeType": "Expr_Variable",
                        "attributes": {
                            "startLine": 5,
                            "endLine": 5
                        },
                        "name": "a"
                    },
                    "byRef": false,
                    "unpack": false
                }
            ]
        }
    },
    {
        "nodeType": "Stmt_Expression",
        "attributes": {
            "startLine": 6,
            "endLine": 6
        },
        "expr": {
            "nodeType": "Expr_FuncCall",
            "attributes": {
                "startLine": 6,
                "endLine": 6
            },
            "name": {
                "nodeType": "Name",
                "attributes": {
                    "startLine": 6,
                    "endLine": 6
                },
                "parts": [
                    "e"
                ]
            },
            "args": [
                {
                    "nodeType": "Arg",
                    "attributes": {
                        "startLine": 6,
                        "endLine": 6
                    },
                    "name": null,
                    "value": {
                        "nodeType": "Expr_Variable",
                        "attributes": {
                            "startLine": 6,
                            "endLine": 6
                        },
                        "name": "b"
                    },
                    "byRef": false,
                    "unpack": false
                }
            ]
        }
    },
    {
        "nodeType": "Stmt_Nop",
        "attributes": {
            "startLine": 9,
            "comments": [
                {
                    "nodeType": "Comment",
                    "text": "\/\/ tip: variables might be tainted or not before they reach a sink",
                    "line": 8,
                    "filePos": 61,
                    "tokenPos": 30,
                    "endLine": 8,
                    "endFilePos": 126,
                    "endTokenPos": 30
                }
            ],
            "endLine": 9
        }
    }
]
