[
    {
        "nodeType": "Stmt_Expression",
        "attributes": {
            "startLine": 3,
            "endLine": 3
        },
        "expr": {
            "nodeType": "Expr_Assign",
            "attributes": {
                "startLine": 3,
                "endLine": 3
            },
            "var": {
                "nodeType": "Expr_Variable",
                "attributes": {
                    "startLine": 3,
                    "endLine": 3
                },
                "name": "a"
            },
            "expr": {
                "nodeType": "Scalar_String",
                "attributes": {
                    "startLine": 3,
                    "endLine": 3,
                    "kind": 2,
                    "rawValue": "\"\""
                },
                "value": ""
            }
        }
    },
    {
        "nodeType": "Stmt_Expression",
        "attributes": {
            "startLine": 4,
            "endLine": 4
        },
        "expr": {
            "nodeType": "Expr_Assign",
            "attributes": {
                "startLine": 4,
                "endLine": 4
            },
            "var": {
                "nodeType": "Expr_Variable",
                "attributes": {
                    "startLine": 4,
                    "endLine": 4
                },
                "name": "a"
            },
            "expr": {
                "nodeType": "Expr_FuncCall",
                "attributes": {
                    "startLine": 4,
                    "endLine": 4
                },
                "name": {
                    "nodeType": "Name",
                    "attributes": {
                        "startLine": 4,
                        "endLine": 4
                    },
                    "parts": [
                        "b"
                    ]
                },
                "args": []
            }
        }
    },
    {
        "nodeType": "Stmt_Expression",
        "attributes": {
            "startLine": 5,
            "endLine": 5
        },
        "expr": {
            "nodeType": "Expr_Assign",
            "attributes": {
                "startLine": 5,
                "endLine": 5
            },
            "var": {
                "nodeType": "Expr_Variable",
                "attributes": {
                    "startLine": 5,
                    "endLine": 5
                },
                "name": "c"
            },
            "expr": {
                "nodeType": "Expr_Variable",
                "attributes": {
                    "startLine": 5,
                    "endLine": 5
                },
                "name": "a"
            }
        }
    },
    {
        "nodeType": "Stmt_Expression",
        "attributes": {
            "startLine": 6,
            "endLine": 6
        },
        "expr": {
            "nodeType": "Expr_Assign",
            "attributes": {
                "startLine": 6,
                "endLine": 6
            },
            "var": {
                "nodeType": "Expr_Variable",
                "attributes": {
                    "startLine": 6,
                    "endLine": 6
                },
                "name": "d"
            },
            "expr": {
                "nodeType": "Expr_Variable",
                "attributes": {
                    "startLine": 6,
                    "endLine": 6
                },
                "name": "c"
            }
        }
    },
    {
        "nodeType": "Stmt_Expression",
        "attributes": {
            "startLine": 7,
            "endLine": 7
        },
        "expr": {
            "nodeType": "Expr_FuncCall",
            "attributes": {
                "startLine": 7,
                "endLine": 7
            },
            "name": {
                "nodeType": "Name",
                "attributes": {
                    "startLine": 7,
                    "endLine": 7
                },
                "parts": [
                    "e"
                ]
            },
            "args": [
                {
                    "nodeType": "Arg",
                    "attributes": {
                        "startLine": 7,
                        "endLine": 7
                    },
                    "name": null,
                    "value": {
                        "nodeType": "Expr_Variable",
                        "attributes": {
                            "startLine": 7,
                            "endLine": 7
                        },
                        "name": "d"
                    },
                    "byRef": false,
                    "unpack": false
                }
            ]
        }
    },
    {
        "nodeType": "Stmt_Expression",
        "attributes": {
            "startLine": 8,
            "endLine": 8
        },
        "expr": {
            "nodeType": "Expr_Assign",
            "attributes": {
                "startLine": 8,
                "endLine": 8
            },
            "var": {
                "nodeType": "Expr_Variable",
                "attributes": {
                    "startLine": 8,
                    "endLine": 8
                },
                "name": "c"
            },
            "expr": {
                "nodeType": "Scalar_String",
                "attributes": {
                    "startLine": 8,
                    "endLine": 8,
                    "kind": 2,
                    "rawValue": "\"\""
                },
                "value": ""
            }
        }
    },
    {
        "nodeType": "Stmt_Nop",
        "attributes": {
            "startLine": 11,
            "comments": [
                {
                    "nodeType": "Comment",
                    "text": "\/\/ tip: assignments propagate taintedness, and the order in which they are performed matters",
                    "line": 10,
                    "filePos": 89,
                    "tokenPos": 45,
                    "endLine": 10,
                    "endFilePos": 180,
                    "endTokenPos": 45
                }
            ],
            "endLine": 11
        }
    }
]
