[
    {
        "nodeType": "Stmt_Expression",
        "attributes": {
            "startLine": 3,
            "endLine": 3
        },
        "expr": {
            "nodeType": "Expr_Assign",
            "attributes": {
                "startLine": 3,
                "endLine": 3
            },
            "var": {
                "nodeType": "Expr_Variable",
                "attributes": {
                    "startLine": 3,
                    "endLine": 3
                },
                "name": "a"
            },
            "expr": {
                "nodeType": "Expr_FuncCall",
                "attributes": {
                    "startLine": 3,
                    "endLine": 3
                },
                "name": {
                    "nodeType": "Name",
                    "attributes": {
                        "startLine": 3,
                        "endLine": 3
                    },
                    "parts": [
                        "b"
                    ]
                },
                "args": [
                    {
                        "nodeType": "Arg",
                        "attributes": {
                            "startLine": 3,
                            "endLine": 3
                        },
                        "name": null,
                        "value": {
                            "nodeType": "Scalar_String",
                            "attributes": {
                                "startLine": 3,
                                "endLine": 3,
                                "kind": 2,
                                "rawValue": "\"ola\""
                            },
                            "value": "ola"
                        },
                        "byRef": false,
                        "unpack": false
                    }
                ]
            }
        }
    },
    {
        "nodeType": "Stmt_Expression",
        "attributes": {
            "startLine": 4,
            "endLine": 4
        },
        "expr": {
            "nodeType": "Expr_Assign",
            "attributes": {
                "startLine": 4,
                "endLine": 4
            },
            "var": {
                "nodeType": "Expr_Variable",
                "attributes": {
                    "startLine": 4,
                    "endLine": 4
                },
                "name": "c"
            },
            "expr": {
                "nodeType": "Expr_FuncCall",
                "attributes": {
                    "startLine": 4,
                    "endLine": 4
                },
                "name": {
                    "nodeType": "Name",
                    "attributes": {
                        "startLine": 4,
                        "endLine": 4
                    },
                    "parts": [
                        "d"
                    ]
                },
                "args": [
                    {
                        "nodeType": "Arg",
                        "attributes": {
                            "startLine": 4,
                            "endLine": 4
                        },
                        "name": null,
                        "value": {
                            "nodeType": "Scalar_String",
                            "attributes": {
                                "startLine": 4,
                                "endLine": 4,
                                "kind": 2,
                                "rawValue": "\"oi\""
                            },
                            "value": "oi"
                        },
                        "byRef": false,
                        "unpack": false
                    },
                    {
                        "nodeType": "Arg",
                        "attributes": {
                            "startLine": 4,
                            "endLine": 4
                        },
                        "name": null,
                        "value": {
                            "nodeType": "Expr_FuncCall",
                            "attributes": {
                                "startLine": 4,
                                "endLine": 4
                            },
                            "name": {
                                "nodeType": "Name",
                                "attributes": {
                                    "startLine": 4,
                                    "endLine": 4
                                },
                                "parts": [
                                    "e"
                                ]
                            },
                            "args": [
                                {
                                    "nodeType": "Arg",
                                    "attributes": {
                                        "startLine": 4,
                                        "endLine": 4
                                    },
                                    "name": null,
                                    "value": {
                                        "nodeType": "Expr_FuncCall",
                                        "attributes": {
                                            "startLine": 4,
                                            "endLine": 4
                                        },
                                        "name": {
                                            "nodeType": "Name",
                                            "attributes": {
                                                "startLine": 4,
                                                "endLine": 4
                                            },
                                            "parts": [
                                                "f"
                                            ]
                                        },
                                        "args": [
                                            {
                                                "nodeType": "Arg",
                                                "attributes": {
                                                    "startLine": 4,
                                                    "endLine": 4
                                                },
                                                "name": null,
                                                "value": {
                                                    "nodeType": "Expr_Variable",
                                                    "attributes": {
                                                        "startLine": 4,
                                                        "endLine": 4
                                                    },
                                                    "name": "a"
                                                },
                                                "byRef": false,
                                                "unpack": false
                                            }
                                        ]
                                    },
                                    "byRef": false,
                                    "unpack": false
                                }
                            ]
                        },
                        "byRef": false,
                        "unpack": false
                    },
                    {
                        "nodeType": "Arg",
                        "attributes": {
                            "startLine": 4,
                            "endLine": 4
                        },
                        "name": null,
                        "value": {
                            "nodeType": "Expr_Variable",
                            "attributes": {
                                "startLine": 4,
                                "endLine": 4
                            },
                            "name": "a"
                        },
                        "byRef": false,
                        "unpack": false
                    }
                ]
            }
        }
    },
    {
        "nodeType": "Stmt_Expression",
        "attributes": {
            "startLine": 5,
            "endLine": 5
        },
        "expr": {
            "nodeType": "Expr_FuncCall",
            "attributes": {
                "startLine": 5,
                "endLine": 5
            },
            "name": {
                "nodeType": "Name",
                "attributes": {
                    "startLine": 5,
                    "endLine": 5
                },
                "parts": [
                    "e"
                ]
            },
            "args": [
                {
                    "nodeType": "Arg",
                    "attributes": {
                        "startLine": 5,
                        "endLine": 5
                    },
                    "name": null,
                    "value": {
                        "nodeType": "Expr_Variable",
                        "attributes": {
                            "startLine": 5,
                            "endLine": 5
                        },
                        "name": "c"
                    },
                    "byRef": false,
                    "unpack": false
                }
            ]
        }
    },
    {
        "nodeType": "Stmt_Nop",
        "attributes": {
            "startLine": 8,
            "comments": [
                {
                    "nodeType": "Comment",
                    "text": "\/\/ tip: function calls can be nested, can have both tainted and untainted arguments, and sources and sanitizers might appear in the arguments",
                    "line": 7,
                    "filePos": 74,
                    "tokenPos": 40,
                    "endLine": 7,
                    "endFilePos": 214,
                    "endTokenPos": 40
                }
            ],
            "endLine": 8
        }
    }
]
