[
    {
        "nodeType": "Stmt_If",
        "attributes": {
            "startLine": 3,
            "endLine": 11
        },
        "cond": {
            "nodeType": "Expr_BinaryOp_Greater",
            "attributes": {
                "startLine": 3,
                "endLine": 3
            },
            "left": {
                "nodeType": "Expr_Variable",
                "attributes": {
                    "startLine": 3,
                    "endLine": 3
                },
                "name": "c"
            },
            "right": {
                "nodeType": "Scalar_LNumber",
                "attributes": {
                    "startLine": 3,
                    "endLine": 3,
                    "rawValue": "0",
                    "kind": 10
                },
                "value": 0
            }
        },
        "stmts": [
            {
                "nodeType": "Stmt_Expression",
                "attributes": {
                    "startLine": 4,
                    "endLine": 4
                },
                "expr": {
                    "nodeType": "Expr_Assign",
                    "attributes": {
                        "startLine": 4,
                        "endLine": 4
                    },
                    "var": {
                        "nodeType": "Expr_Variable",
                        "attributes": {
                            "startLine": 4,
                            "endLine": 4
                        },
                        "name": "a"
                    },
                    "expr": {
                        "nodeType": "Expr_FuncCall",
                        "attributes": {
                            "startLine": 4,
                            "endLine": 4
                        },
                        "name": {
                            "nodeType": "Name",
                            "attributes": {
                                "startLine": 4,
                                "endLine": 4
                            },
                            "parts": [
                                "b"
                            ]
                        },
                        "args": []
                    }
                }
            },
            {
                "nodeType": "Stmt_If",
                "attributes": {
                    "startLine": 5,
                    "endLine": 10
                },
                "cond": {
                    "nodeType": "Expr_BinaryOp_Smaller",
                    "attributes": {
                        "startLine": 5,
                        "endLine": 5
                    },
                    "left": {
                        "nodeType": "Expr_Variable",
                        "attributes": {
                            "startLine": 5,
                            "endLine": 5
                        },
                        "name": "c"
                    },
                    "right": {
                        "nodeType": "Scalar_LNumber",
                        "attributes": {
                            "startLine": 5,
                            "endLine": 5,
                            "rawValue": "3",
                            "kind": 10
                        },
                        "value": 3
                    }
                },
                "stmts": [
                    {
                        "nodeType": "Stmt_Expression",
                        "attributes": {
                            "startLine": 6,
                            "endLine": 6
                        },
                        "expr": {
                            "nodeType": "Expr_Assign",
                            "attributes": {
                                "startLine": 6,
                                "endLine": 6
                            },
                            "var": {
                                "nodeType": "Expr_Variable",
                                "attributes": {
                                    "startLine": 6,
                                    "endLine": 6
                                },
                                "name": "a"
                            },
                            "expr": {
                                "nodeType": "Expr_FuncCall",
                                "attributes": {
                                    "startLine": 6,
                                    "endLine": 6
                                },
                                "name": {
                                    "nodeType": "Name",
                                    "attributes": {
                                        "startLine": 6,
                                        "endLine": 6
                                    },
                                    "parts": [
                                        "f"
                                    ]
                                },
                                "args": [
                                    {
                                        "nodeType": "Arg",
                                        "attributes": {
                                            "startLine": 6,
                                            "endLine": 6
                                        },
                                        "name": null,
                                        "value": {
                                            "nodeType": "Expr_Variable",
                                            "attributes": {
                                                "startLine": 6,
                                                "endLine": 6
                                            },
                                            "name": "a"
                                        },
                                        "byRef": false,
                                        "unpack": false
                                    }
                                ]
                            }
                        }
                    }
                ],
                "elseifs": [],
                "else": {
                    "nodeType": "Stmt_Else",
                    "attributes": {
                        "startLine": 8,
                        "endLine": 10
                    },
                    "stmts": [
                        {
                            "nodeType": "Stmt_Expression",
                            "attributes": {
                                "startLine": 9,
                                "endLine": 9
                            },
                            "expr": {
                                "nodeType": "Expr_Assign",
                                "attributes": {
                                    "startLine": 9,
                                    "endLine": 9
                                },
                                "var": {
                                    "nodeType": "Expr_Variable",
                                    "attributes": {
                                        "startLine": 9,
                                        "endLine": 9
                                    },
                                    "name": "c"
                                },
                                "expr": {
                                    "nodeType": "Expr_FuncCall",
                                    "attributes": {
                                        "startLine": 9,
                                        "endLine": 9
                                    },
                                    "name": {
                                        "nodeType": "Name",
                                        "attributes": {
                                            "startLine": 9,
                                            "endLine": 9
                                        },
                                        "parts": [
                                            "d"
                                        ]
                                    },
                                    "args": [
                                        {
                                            "nodeType": "Arg",
                                            "attributes": {
                                                "startLine": 9,
                                                "endLine": 9
                                            },
                                            "name": null,
                                            "value": {
                                                "nodeType": "Expr_Variable",
                                                "attributes": {
                                                    "startLine": 9,
                                                    "endLine": 9
                                                },
                                                "name": "a"
                                            },
                                            "byRef": false,
                                            "unpack": false
                                        }
                                    ]
                                }
                            }
                        }
                    ]
                }
            }
        ],
        "elseifs": [],
        "else": null
    },
    {
        "nodeType": "Stmt_Expression",
        "attributes": {
            "startLine": 12,
            "endLine": 12
        },
        "expr": {
            "nodeType": "Expr_FuncCall",
            "attributes": {
                "startLine": 12,
                "endLine": 12
            },
            "name": {
                "nodeType": "Name",
                "attributes": {
                    "startLine": 12,
                    "endLine": 12
                },
                "parts": [
                    "e"
                ]
            },
            "args": [
                {
                    "nodeType": "Arg",
                    "attributes": {
                        "startLine": 12,
                        "endLine": 12
                    },
                    "name": null,
                    "value": {
                        "nodeType": "Expr_Variable",
                        "attributes": {
                            "startLine": 12,
                            "endLine": 12
                        },
                        "name": "a"
                    },
                    "byRef": false,
                    "unpack": false
                },
                {
                    "nodeType": "Arg",
                    "attributes": {
                        "startLine": 12,
                        "endLine": 12
                    },
                    "name": null,
                    "value": {
                        "nodeType": "Expr_Variable",
                        "attributes": {
                            "startLine": 12,
                            "endLine": 12
                        },
                        "name": "c"
                    },
                    "byRef": false,
                    "unpack": false
                }
            ]
        }
    },
    {
        "nodeType": "Stmt_Nop",
        "attributes": {
            "startLine": 16,
            "comments": [
                {
                    "nodeType": "Comment",
                    "text": "\/\/ tip: sources, sanitizers and sinks can appear inside branches, and they can be nested",
                    "line": 14,
                    "filePos": 153,
                    "tokenPos": 73,
                    "endLine": 14,
                    "endFilePos": 240,
                    "endTokenPos": 73
                }
            ],
            "endLine": 16
        }
    }
]
