[
    {
        "nodeType": "Stmt_Expression",
        "attributes": {
            "startLine": 3,
            "endLine": 3
        },
        "expr": {
            "nodeType": "Expr_Assign",
            "attributes": {
                "startLine": 3,
                "endLine": 3
            },
            "var": {
                "nodeType": "Expr_Variable",
                "attributes": {
                    "startLine": 3,
                    "endLine": 3
                },
                "name": "a"
            },
            "expr": {
                "nodeType": "Expr_FuncCall",
                "attributes": {
                    "startLine": 3,
                    "endLine": 3
                },
                "name": {
                    "nodeType": "Name",
                    "attributes": {
                        "startLine": 3,
                        "endLine": 3
                    },
                    "parts": [
                        "b"
                    ]
                },
                "args": [
                    {
                        "nodeType": "Arg",
                        "attributes": {
                            "startLine": 3,
                            "endLine": 3
                        },
                        "name": null,
                        "value": {
                            "nodeType": "Scalar_String",
                            "attributes": {
                                "startLine": 3,
                                "endLine": 3,
                                "kind": 2,
                                "rawValue": "\"ola\""
                            },
                            "value": "ola"
                        },
                        "byRef": false,
                        "unpack": false
                    }
                ]
            }
        }
    },
    {
        "nodeType": "Stmt_Expression",
        "attributes": {
            "startLine": 4,
            "endLine": 4
        },
        "expr": {
            "nodeType": "Expr_FuncCall",
            "attributes": {
                "startLine": 4,
                "endLine": 4
            },
            "name": {
                "nodeType": "Name",
                "attributes": {
                    "startLine": 4,
                    "endLine": 4
                },
                "parts": [
                    "c"
                ]
            },
            "args": [
                {
                    "nodeType": "Arg",
                    "attributes": {
                        "startLine": 4,
                        "endLine": 4
                    },
                    "name": null,
                    "value": {
                        "nodeType": "Expr_Variable",
                        "attributes": {
                            "startLine": 4,
                            "endLine": 4
                        },
                        "name": "a"
                    },
                    "byRef": false,
                    "unpack": false
                }
            ]
        }
    },
    {
        "nodeType": "Stmt_Expression",
        "attributes": {
            "startLine": 5,
            "endLine": 5
        },
        "expr": {
            "nodeType": "Expr_Assign",
            "attributes": {
                "startLine": 5,
                "endLine": 5
            },
            "var": {
                "nodeType": "Expr_Variable",
                "attributes": {
                    "startLine": 5,
                    "endLine": 5
                },
                "name": "d"
            },
            "expr": {
                "nodeType": "Expr_BinaryOp_Plus",
                "attributes": {
                    "startLine": 5,
                    "endLine": 5
                },
                "left": {
                    "nodeType": "Expr_FuncCall",
                    "attributes": {
                        "startLine": 5,
                        "endLine": 5
                    },
                    "name": {
                        "nodeType": "Name",
                        "attributes": {
                            "startLine": 5,
                            "endLine": 5
                        },
                        "parts": [
                            "e"
                        ]
                    },
                    "args": [
                        {
                            "nodeType": "Arg",
                            "attributes": {
                                "startLine": 5,
                                "endLine": 5
                            },
                            "name": null,
                            "value": {
                                "nodeType": "Expr_Variable",
                                "attributes": {
                                    "startLine": 5,
                                    "endLine": 5
                                },
                                "name": "a"
                            },
                            "byRef": false,
                            "unpack": false
                        }
                    ]
                },
                "right": {
                    "nodeType": "Expr_Variable",
                    "attributes": {
                        "startLine": 5,
                        "endLine": 5
                    },
                    "name": "a"
                }
            }
        }
    },
    {
        "nodeType": "Stmt_Expression",
        "attributes": {
            "startLine": 6,
            "endLine": 6
        },
        "expr": {
            "nodeType": "Expr_FuncCall",
            "attributes": {
                "startLine": 6,
                "endLine": 6
            },
            "name": {
                "nodeType": "Name",
                "attributes": {
                    "startLine": 6,
                    "endLine": 6
                },
                "parts": [
                    "z"
                ]
            },
            "args": [
                {
                    "nodeType": "Arg",
                    "attributes": {
                        "startLine": 6,
                        "endLine": 6
                    },
                    "name": null,
                    "value": {
                        "nodeType": "Expr_Variable",
                        "attributes": {
                            "startLine": 6,
                            "endLine": 6
                        },
                        "name": "f"
                    },
                    "byRef": false,
                    "unpack": false
                },
                {
                    "nodeType": "Arg",
                    "attributes": {
                        "startLine": 6,
                        "endLine": 6
                    },
                    "name": null,
                    "value": {
                        "nodeType": "Expr_Variable",
                        "attributes": {
                            "startLine": 6,
                            "endLine": 6
                        },
                        "name": "a"
                    },
                    "byRef": false,
                    "unpack": false
                }
            ]
        }
    },
    {
        "nodeType": "Stmt_Nop",
        "attributes": {
            "startLine": 10,
            "comments": [
                {
                    "nodeType": "Comment",
                    "text": "\/\/ tip: sanitization can only occur if it intercepts a vulnerability",
                    "line": 8,
                    "filePos": 78,
                    "tokenPos": 41,
                    "endLine": 8,
                    "endFilePos": 145,
                    "endTokenPos": 41
                }
            ],
            "endLine": 10
        }
    }
]
