[
    {
        "nodeType": "Stmt_Expression",
        "attributes": {
            "startLine": 3,
            "endLine": 3
        },
        "expr": {
            "nodeType": "Expr_Assign",
            "attributes": {
                "startLine": 3,
                "endLine": 3
            },
            "var": {
                "nodeType": "Expr_Variable",
                "attributes": {
                    "startLine": 3,
                    "endLine": 3
                },
                "name": "a"
            },
            "expr": {
                "nodeType": "Expr_FuncCall",
                "attributes": {
                    "startLine": 3,
                    "endLine": 3
                },
                "name": {
                    "nodeType": "Name",
                    "attributes": {
                        "startLine": 3,
                        "endLine": 3
                    },
                    "parts": [
                        "b"
                    ]
                },
                "args": []
            }
        }
    },
    {
        "nodeType": "Stmt_Expression",
        "attributes": {
            "startLine": 4,
            "endLine": 4
        },
        "expr": {
            "nodeType": "Expr_Assign",
            "attributes": {
                "startLine": 4,
                "endLine": 4
            },
            "var": {
                "nodeType": "Expr_Variable",
                "attributes": {
                    "startLine": 4,
                    "endLine": 4
                },
                "name": "b"
            },
            "expr": {
                "nodeType": "Expr_FuncCall",
                "attributes": {
                    "startLine": 4,
                    "endLine": 4
                },
                "name": {
                    "nodeType": "Name",
                    "attributes": {
                        "startLine": 4,
                        "endLine": 4
                    },
                    "parts": [
                        "c"
                    ]
                },
                "args": [
                    {
                        "nodeType": "Arg",
                        "attributes": {
                            "startLine": 4,
                            "endLine": 4
                        },
                        "name": null,
                        "value": {
                            "nodeType": "Scalar_String",
                            "attributes": {
                                "startLine": 4,
                                "endLine": 4,
                                "kind": 2,
                                "rawValue": "\"booboo\""
                            },
                            "value": "booboo"
                        },
                        "byRef": false,
                        "unpack": false
                    }
                ]
            }
        }
    },
    {
        "nodeType": "Stmt_Expression",
        "attributes": {
            "startLine": 5,
            "endLine": 5
        },
        "expr": {
            "nodeType": "Expr_Assign",
            "attributes": {
                "startLine": 5,
                "endLine": 5
            },
            "var": {
                "nodeType": "Expr_Variable",
                "attributes": {
                    "startLine": 5,
                    "endLine": 5
                },
                "name": "d"
            },
            "expr": {
                "nodeType": "Expr_FuncCall",
                "attributes": {
                    "startLine": 5,
                    "endLine": 5
                },
                "name": {
                    "nodeType": "Name",
                    "attributes": {
                        "startLine": 5,
                        "endLine": 5
                    },
                    "parts": [
                        "e"
                    ]
                },
                "args": [
                    {
                        "nodeType": "Arg",
                        "attributes": {
                            "startLine": 5,
                            "endLine": 5
                        },
                        "name": null,
                        "value": {
                            "nodeType": "Expr_Variable",
                            "attributes": {
                                "startLine": 5,
                                "endLine": 5
                            },
                            "name": "a"
                        },
                        "byRef": false,
                        "unpack": false
                    },
                    {
                        "nodeType": "Arg",
                        "attributes": {
                            "startLine": 5,
                            "endLine": 5
                        },
                        "name": null,
                        "value": {
                            "nodeType": "Expr_Variable",
                            "attributes": {
                                "startLine": 5,
                                "endLine": 5
                            },
                            "name": "b"
                        },
                        "byRef": false,
                        "unpack": false
                    }
                ]
            }
        }
    },
    {
        "nodeType": "Stmt_Nop",
        "attributes": {
            "startLine": 9,
            "comments": [
                {
                    "nodeType": "Comment",
                    "text": "\/\/ tip: relative order of sources, sanitizers and sinks, matters",
                    "line": 7,
                    "filePos": 68,
                    "tokenPos": 34,
                    "endLine": 7,
                    "endFilePos": 131,
                    "endTokenPos": 34
                }
            ],
            "endLine": 9
        }
    }
]
