[
    {
        "nodeType": "Stmt_Expression",
        "attributes": {
            "startLine": 3,
            "endLine": 3
        },
        "expr": {
            "nodeType": "Expr_Assign",
            "attributes": {
                "startLine": 3,
                "endLine": 3
            },
            "var": {
                "nodeType": "Expr_Variable",
                "attributes": {
                    "startLine": 3,
                    "endLine": 3
                },
                "name": "a"
            },
            "expr": {
                "nodeType": "Expr_FuncCall",
                "attributes": {
                    "startLine": 3,
                    "endLine": 3
                },
                "name": {
                    "nodeType": "Name",
                    "attributes": {
                        "startLine": 3,
                        "endLine": 3
                    },
                    "parts": [
                        "b"
                    ]
                },
                "args": [
                    {
                        "nodeType": "Arg",
                        "attributes": {
                            "startLine": 3,
                            "endLine": 3
                        },
                        "name": null,
                        "value": {
                            "nodeType": "Expr_Variable",
                            "attributes": {
                                "startLine": 3,
                                "endLine": 3
                            },
                            "name": "boo"
                        },
                        "byRef": false,
                        "unpack": false
                    }
                ]
            }
        }
    },
    {
        "nodeType": "Stmt_Expression",
        "attributes": {
            "startLine": 4,
            "endLine": 4
        },
        "expr": {
            "nodeType": "Expr_Assign",
            "attributes": {
                "startLine": 4,
                "endLine": 4
            },
            "var": {
                "nodeType": "Expr_Variable",
                "attributes": {
                    "startLine": 4,
                    "endLine": 4
                },
                "name": "k"
            },
            "expr": {
                "nodeType": "Scalar_LNumber",
                "attributes": {
                    "startLine": 4,
                    "endLine": 4,
                    "rawValue": "0",
                    "kind": 10
                },
                "value": 0
            }
        }
    },
    {
        "nodeType": "Stmt_If",
        "attributes": {
            "startLine": 5,
            "endLine": 9
        },
        "cond": {
            "nodeType": "Expr_BinaryOp_Equal",
            "attributes": {
                "startLine": 5,
                "endLine": 5
            },
            "left": {
                "nodeType": "Expr_Variable",
                "attributes": {
                    "startLine": 5,
                    "endLine": 5
                },
                "name": "c"
            },
            "right": {
                "nodeType": "Expr_Variable",
                "attributes": {
                    "startLine": 5,
                    "endLine": 5
                },
                "name": "a"
            }
        },
        "stmts": [
            {
                "nodeType": "Stmt_Expression",
                "attributes": {
                    "startLine": 6,
                    "endLine": 6
                },
                "expr": {
                    "nodeType": "Expr_Assign",
                    "attributes": {
                        "startLine": 6,
                        "endLine": 6
                    },
                    "var": {
                        "nodeType": "Expr_Variable",
                        "attributes": {
                            "startLine": 6,
                            "endLine": 6
                        },
                        "name": "d"
                    },
                    "expr": {
                        "nodeType": "Scalar_String",
                        "attributes": {
                            "startLine": 6,
                            "endLine": 6,
                            "kind": 2,
                            "rawValue": "\"xpto1\""
                        },
                        "value": "xpto1"
                    }
                }
            }
        ],
        "elseifs": [],
        "else": {
            "nodeType": "Stmt_Else",
            "attributes": {
                "startLine": 7,
                "endLine": 9
            },
            "stmts": [
                {
                    "nodeType": "Stmt_Expression",
                    "attributes": {
                        "startLine": 8,
                        "endLine": 8
                    },
                    "expr": {
                        "nodeType": "Expr_Assign",
                        "attributes": {
                            "startLine": 8,
                            "endLine": 8
                        },
                        "var": {
                            "nodeType": "Expr_Variable",
                            "attributes": {
                                "startLine": 8,
                                "endLine": 8
                            },
                            "name": "d"
                        },
                        "expr": {
                            "nodeType": "Scalar_String",
                            "attributes": {
                                "startLine": 8,
                                "endLine": 8,
                                "kind": 2,
                                "rawValue": "\"xpto2\""
                            },
                            "value": "xpto2"
                        }
                    }
                }
            ]
        }
    },
    {
        "nodeType": "Stmt_Expression",
        "attributes": {
            "startLine": 10,
            "endLine": 10
        },
        "expr": {
            "nodeType": "Expr_FuncCall",
            "attributes": {
                "startLine": 10,
                "endLine": 10
            },
            "name": {
                "nodeType": "Name",
                "attributes": {
                    "startLine": 10,
                    "endLine": 10
                },
                "parts": [
                    "e"
                ]
            },
            "args": [
                {
                    "nodeType": "Arg",
                    "attributes": {
                        "startLine": 10,
                        "endLine": 10
                    },
                    "name": null,
                    "value": {
                        "nodeType": "Expr_Variable",
                        "attributes": {
                            "startLine": 10,
                            "endLine": 10
                        },
                        "name": "d"
                    },
                    "byRef": false,
                    "unpack": false
                },
                {
                    "nodeType": "Arg",
                    "attributes": {
                        "startLine": 10,
                        "endLine": 10
                    },
                    "name": null,
                    "value": {
                        "nodeType": "Scalar_String",
                        "attributes": {
                            "startLine": 10,
                            "endLine": 10,
                            "kind": 2,
                            "rawValue": "\"boo\""
                        },
                        "value": "boo"
                    },
                    "byRef": false,
                    "unpack": false
                }
            ]
        }
    },
    {
        "nodeType": "Stmt_Nop",
        "attributes": {
            "startLine": 14,
            "comments": [
                {
                    "nodeType": "Comment",
                    "text": "\/\/ tip: conditionals can encode implicit flows",
                    "line": 12,
                    "filePos": 131,
                    "tokenPos": 61,
                    "endLine": 12,
                    "endFilePos": 176,
                    "endTokenPos": 61
                }
            ],
            "endLine": 14
        }
    }
]
